ID;Название;Приоритет;Предусловия;Шаги;Ожидаемый результат;Статус автоматизации;Причина отсутствия покрытия
1;Успешная авторизация пользователя с валидными даными ;Высокий;"1. Пользователь зарегестрирован. 
2. Данные для входа: логин 'login2', пароль 'password2'.";1. Открыть приложение 'мобильный-хоспис' ;Приложение запущено, отображается экран авторизации;Автоматизирован;
;;;;2. Ввести в поле 'Login' значение 'login2';Значение 'login2' отображается в поле;;
;;;;3. Ввести в поле 'Password' значение 'password2';Пароль отображается в виде точек (скрыт);;
;;;;4. Нажать кнопку 'SIGN IN' ;Произошел переход на главный экран, отображается лента новостей;;
2;Валидация поля 'Login'. Авторизация с несуществующим логином;Высокий;"1. Пользователь зарегестрирован.
2. Приложение открыто на экране авторизации.
";1. Ввести в поле 'Login' значение на латинице (test);Значение 'test' отображается в поле;Автоматизирован;
;;;;2. Ввести в поле 'Password' значение 'password2';Пароль отображается в виде точек (скрыт);;
;;;;3. Нажать кнопку 'SIGN IN' ;Авторизация не выполнена, пользователь остается на текущем экране, отображается сообщение об ошибке:  'Something went wrong. Try again later.';;
3;Валидация поля 'Login'. Ввод значения на кириллице;Низкий;"1. Пользователь зарегестрирован.
2. Приложение открыто на экране авторизации.
";1. Ввести в поле 'Login' значение на кириллице (тест);Значение 'тест' отображается в поле;Не автоматизирован;"	Низкий приоритет автоматизации для негативного сценария. Специфика ввода кириллицы в Espresso может давать ложноположительные результаты; целесообразнее ручная проверка."
;;;;2. Ввести в поле 'Password' значение 'password2';Пароль отображается в виде точек (скрыт);;
;;;;3. Нажать кнопку 'SIGN IN' ;Авторизация не выполнена, пользователь остается на текущем экране, отображается сообщение об ошибке:  'Something went wrong. Try again later.';;
4;Валидация поля 'Login'. Ввод спецсимволов;Средний;"1. Пользователь зарегестрирован.
2. Приложение открыто на экране авторизации.
";1. Ввести в поле 'Login' значение из спецсимволов (&%$@#);Значение '&%$@#' отображается в поле;Автоматизирован;
;;;;2. Ввести в поле 'Password' значение 'password2';Пароль отображается в виде точек (скрыт);;
;;;;3. Нажать кнопку 'SIGN IN' ;Авторизация не выполнена, пользователь остается на текущем экране, отображается сообщение об ошибке:  'Something went wrong. Try again later.';;
5;Валидация поля 'Login'. Ввод пробелов;Средний;"1. Пользователь зарегестрирован.
2. Приложение открыто на экране авторизации.
";1. Ввести в поле 'Login' пробелы (    );В поле введены символы пробела (курсор смещен вправо);Не автоматизирован;Дублирование логики: проверка аналогична кейсу №6. Автоматизация избыточна, так как обе проверки вызывают одну и ту же программную ошибку.
;;;;2. Ввести в поле 'Password' значение 'password2';Пароль отображается в виде точек (скрыт);;
;;;;3. Нажать кнопку 'SIGN IN' ;Авторизация не выполнена, пользователь остается на текущем экране, отображается сообщение об ошибке: 'Login and password cannot be empty.';;
6;Валидация поля 'Login'. Оставить поле незаполненным;Средний;"1. Пользователь зарегестрирован.
2. Приложение открыто на экране авторизации.
";1. Поле 'Login' оставить пустым ;Поле 'Login' остается пустым ;Автоматизирован;
;;;;2. Ввести в поле 'Password' значение 'password2';Пароль отображается в виде точек (скрыт);;
;;;;3. Нажать кнопку 'SIGN IN' ;Авторизация не выполнена, пользователь остается на текущем экране, отображается сообщение об ошибке: 'Login and password cannot be empty.';;
7;Валидация поля 'Login'. Ввод значения граничной длины (63 символа);Низкий;"1. Пользователь зарегестрирован.
2. Приложение открыто на экране авторизации.";1. Ввести в поле 'Login' строку длиной 63 символов;Значение из 63 символов отображается в поле;Не автоматизирован;Низкий приоритет (Low Priority). Сценарий проверяется разово вручную, так как риск регрессии в логике длины поля минимален.
8;Валидация поля 'Login'. Ввод значения превышающего лимит (64 символа);Низкий;"1. Пользователь зарегестрирован.
2. Приложение открыто на экране авторизации.";1. Ввести в поле 'Login' строку длиной 64 символов;Значение обрезалось на 63 символе;Не автоматизирован;Трудозатраты на автоматизацию превышают пользу (Low ROI). Проверка обрезки строки эффективнее выполняется вручную.
9;Валидация поля 'Login'. Ввод существующего логина с изменением регистра букв;Средний;"1. Пользователь зарегестрирован.
2. Приложение открыто на экране авторизации.
";1. Ввести   в поле 'Login' значение (Login2);Значение 'Login2' отображается в поле;Автоматизирован;
;;;;2. Ввести в поле 'Password' значение 'password2';Пароль отображается в виде точек (скрыт);;
;;;;3. Нажать кнопку 'SIGN IN' ;Авторизация не выполнена, пользователь остается на текущем экране, отображается сообщение об ошибке:  'Something went wrong. Try again later.';;
10;Валидация поля 'Password'. Авторизация с несуществующим паролем;Высокий;"1. Пользователь зарегестрирован.
2. Приложение открыто на экране авторизации.";1. Ввести в поле 'Login' значение 'login2';Значение 'login2' отображается в поле;Автоматизирован;
;;;;2. Ввести в поле 'Password' значение на латинице(test);Пароль отображается в виде точек (скрыт);;
;;;;3. Нажать кнопку 'SIGN IN' ;Авторизация не выполнена, пользователь остается на текущем экране, отображается сообщение об ошибке:  'Something went wrong. Try again later.';;
11;Валидация поля 'Password'. Ввод значения на кириллице с системной клавиатуры;Низкий;"1. Пользователь зарегестрирован.
2. Приложение открыто на экране авторизации.";1. Нажать на поле ввода 'Password';Открылась клавиатура на латинской раскладке;Не автоматизирован;Ограничение инструмента: Espresso работает с иерархией приложения и не имеет доступа к управлению системной клавиатурой ОС (раскладками и их блокировкой).
;;;;2. Попытаться переключить системную клавиатуру на кириллицу;Вызов кириллической раскладки заблокирован;;
12;Валидация поля 'Password'. Ввод значения на кириллице с помощью вставки скопированного текста;Низкий;"1. Пользователь зарегестрирован.
2. Приложение открыто на экране авторизации.";1. Ввести в поле 'Login' значение 'login2';Значение 'login2' отображается в поле;Не автоматизирован;Техническая сложность: Имитация работы с буфером обмена и контекстным меню ОС требует использования UI Automator, что избыточно для сценария с низким приоритетом.
;;;;2. Скопировать в буфер обмена текст на кириллице (пароль);Текст скопирован;;
;;;;3. Вставить скопированный текст в поле 'Password';Пароль отображается в виде точек (скрыт);;
;;;;4. Нажать кнопку 'SIGN IN' ;Авторизация не выполнена, пользователь остается на текущем экране, отображается сообщение об ошибке:  'Something went wrong. Try again later.';;
13;Валидация поля 'Password'. Ввод спецсимволов;Средний;"1. Пользователь зарегестрирован.
2. Приложение открыто на экране авторизации.";1. Ввести в поле 'Login' значение 'login2';Значение 'login2' отображается в поле;Автоматизирован;
;;;;2. Ввести в поле 'Password' значение из спецсимволов (&$#*@);Пароль отображается в виде точек (скрыт);;
;;;;3. Нажать кнопку 'SIGN IN' ;Авторизация не выполнена, пользователь остается на текущем экране, отображается сообщение об ошибке:  'Something went wrong. Try again later.';;
14;Валидация поля 'Password'. Ввод пробелов;Средний;"1. Пользователь зарегестрирован.
2. Приложение открыто на экране авторизации.";1. Ввести в поле 'Login' значение 'login2';Значение 'login2' отображается в поле;Не автоматизирован;Дублирование логики: проверка аналогична кейсу №15. Автоматизация избыточна, так как обе проверки вызывают одну и ту же программную ошибку.
;;;;2. Ввести   в поле 'Password' пробелы(    );Пароль отображается в виде точек (скрыт);;
;;;;3. Нажать кнопку 'SIGN IN' ;Авторизация не выполнена, пользователь остается на текущем экране, отображается сообщение об ошибке: 'Login and password cannot be empty.';;
15;Валидация поля 'Password'. Оставить поле не заполненым;Средний;"1. Пользователь зарегестрирован.
2. Приложение открыто на экране авторизации.";1. Ввести в поле 'Login' значение 'login2';Значение 'login2' отображается в поле;Автоматизирован;
;;;;2. Поле  'Password' оставить пустым ;Пароль отображается в виде точек (скрыт);;
;;;;3. Нажать кнопку 'SIGN IN' ;Авторизация не выполнена, пользователь остается на текущем экране, отображается сообщение об ошибке: 'Login and password cannot be empty.';;
16;Валидация поля 'Password'. Ввод значения, превышающего лимит (1000 знаков);Высокий;"1. Пользователь зарегестрирован.
2. Приложение открыто на экране авторизации.";1. Ввести в поле 'Login' значение 'login2';Значение 'login2' отображается в поле;Не автоматизирован;Риск нестабильности (Performance risk): Ввод экстремально длинных строк (1000+ знаков) через Espresso может привести к зависанию эмулятора или падению приложения по TimeOut. Целесообразнее разовая ручная проверка.
;;;;2. Ввести   в поле 'Password' строку из 1000 символов;Пароль отображается в виде точек (скрыт);;
;;;;2 Нажать кнопку 'SIGN IN' ;Авторизация не выполнена, пользователь остается на текущем экране, отображается сообщение об ошибке:  'Something went wrong. Try again later.';;
17;Авторизация с пустыми полями 'Login' и 'Password';Средний;"1. Пользователь зарегестрирован.
2. Приложение открыто на экране авторизации.";1. Оставить поля  'Login' и 'Password' незаполненными;Значения в полях  'Login' и 'Password' отсутствуют;Автоматизирован;
;;;;2 Нажать кнопку 'SIGN IN' ;Авторизация не выполнена, пользователь остается на текущем экране, отображается сообщение об ошибке: 'Login and password cannot be empty.';;
18;Выход пользователя из аккаунта;Высокий;Пользователь авторизован и находится в приложении.;1. Нажать на иконку профиля в верхней панели навигации;Открылось выпадающее меню, содержащее пункт 'Log out';Автоматизирован;
;;;;2. Нажать на пункт меню 'Log out';Текущая сессия завершена, отображается экран авторизации с полями 'Login', 'Password'  и кнопкой 'SIGN IN';;
19;Переход в раздел 'News' через боковое меню 'гамбургер' из 'Main';Высокий;Пользователь авторизован и находится в приложении.;1. Нажать на кнопку  'гамбургер' (три горизнтальные полоски) в верхнем левом углу экрана;Открылось выпадающее меню навигации, отображаются разделы: 'Main', 'News', 'About';Автоматизирован;
;;;;2. В выпадающем меню нажать на раздел 'News';Произошел переход в раздел 'News'. Список новостей успешно загружен и отображается на экране;;
20;Переход в раздел 'About' через боковое меню 'гамбургер' из 'Main';Высокий;Пользователь авторизован и находится в приложении.;1. Нажать на кнопку  'гамбургер' (три горизнтальные полоски) в верхнем левом углу экрана;Открылось выпадающее меню навигации, отображаются разделы: 'Main', 'News', 'About';Автоматизирован;
;;;;2. В выпадающем меню нажать на раздел 'About';Произошел переход в раздел 'About'. На странице отображается: номер версии, ссылка на политику приватности и условия эксплуатации;;
21;Возврат из раздела 'About';Высокий;Пользователь авторизован и находится в приложении.;1. Нажать на кнопку  'гамбургер' (три горизнтальные полоски) в верхнем левом углу экрана;Открылось выпадающее меню навигации, отображаются разделы: 'Main', 'News', 'About';Автоматизирован;
;;;;2. В выпадающем меню нажать на раздел 'About';Произошел переход в раздел 'About'. На странице отображается: номер версии, ссылка на политику приватности и условия эксплуатации;;
;;;;3. Нажать на стрелку 'Назад' в верхнем левом углу экрана;Произошел переход на предыдущую страницу, с которой открывался раздел 'About';;
22;Переход в раздел 'Main' через боковое меню 'гамбургер' из 'News';Высокий;Пользователь авторизован и находится в приложении в разделе 'News'.;1. Нажать на кнопку  'гамбургер' (три горизнтальные полоски) в верхнем левом углу экрана;Открылось выпадающее меню навигации, отображаются разделы: 'Main', 'News', 'About';Автоматизирован;
;;;;2. В выпадающем меню нажать на раздел 'Main';Произошел переход в раздел 'Main'. На странице отображается: выпадающий список News (с вложенной ссылкой ALL NEWS);;
23;Переход в раздел 'About' через боковое меню 'гамбургер' из 'News';Высокий;Пользователь авторизован и находится в приложении в разделе 'News'.;1. Нажать на кнопку  'гамбургер' (три горизнтальные полоски) в верхнем левом углу экрана;Открылось выпадающее меню навигации, отображаются разделы: 'Main', 'News', 'About';Автоматизирован;
;;;;2. В выпадающем меню нажать на раздел 'About';Произошел переход в раздел 'About'. На странице отображается: номер версии, ссылка на политику приватности и условия эксплуатации;;
24;Переход в раздел цитат через кнопку 'бабочка';Высокий;Пользователь авторизован и находится в приложении.;1. В верхней панели навигации нажать на кнопку с иконкой 'бабочка';Произошел переход на страницу с заголовком 'Love is all'. Отображается список доступных цитат;Автоматизирован;
25;Раскрытие описания цитаты;Высокий;"1.Пользователь авторизован и находится в разделе цитат 'Love is all'.
2. В списке присутствует хотя бы одна цитата.";1. Нажать на стрелку (кнопку раскрытия) в блоке любой цитаты;Блок цитаты расширяется вниз, становится виден ранее скрытый текст с полным описанием цитаты;Автоматизирован;
26;Переход по внешней ссылке 'Privacy Policy';Высокий;Пользователь авторизован и находится в разделе 'About'.;1. Нажать на ссылку 'Privacy Policy';Приложение переходит в фоновый режим, открывается системный браузер ;Не автоматизирован;Выход за рамки контекста. Сценарий включает взаимодействие с внешним URL и проверку рендеринга в браузере, что целесообразнее выполнять вручную.
;;;;2. Проверить состояние загруженной страницы в браузере;В браузере открывается корректный URL политики приватности. Страница полностью загружена, отображается текст документа;;
27;Переход по внешней ссылке 'Terms of use' ;Высокий;Пользователь авторизован и находится в разделе 'About'.;1. Нажать на ссылку 'Terms of use';Приложение переходит в фоновый режим, открывается системный браузер ;Не автоматизирован;Выход за рамки контекста. Сценарий включает взаимодействие с внешним URL и проверку рендеринга в браузере, что целесообразнее выполнять вручную.
;;;;2. Проверить состояние загруженной страницы в браузере;В браузере открывается корректный URL условия использования. Страница полностью загружена, отображается текст документа;;
28;Раскрытие описания новости в разделе 'Main';Высокий;Пользователь авторизован и находится в разделе 'Main'.;1. Нажать на стрелку (кнопку раскрытия) в блоке любой новости;Блок новости расширяется вниз, становится виден ранее скрытый текст с описанием ;Автоматизирован;
29;Переход в раздел  'News' из раздела 'Main' через ссылку 'ALL NEWS';Высокий;Пользователь авторизован и находится в разделе 'Main'.;1. Нажать на ссылку 'ALL NEWS' на главной странице;Осуществлен переход в раздел 'News'. Список новостей успешно отображен и доступен для просмотра;Автоматизирован;
30;Раскрытие описания новости в разделе 'News';Высокий;Пользователь авторизован и находится в разделе 'News'.;1. Нажать на стрелку раскрытия в блоке любой новости;Блок новости расширяется вниз, становится виден ранее скрытый текст с описанием ;Автоматизирован;
31;Кнопка сортировки новостей в разделе 'News';Высокий;"1. Пользователь авторизован и находится в разделе 'News'.
2. В списке есть минимум две новости";1. Нажать на кнопку сортировки (стрелки) в верхней панели раздела;Прядок новостей изменился. Сверху отображаются более старые публикации(сортировка по убыванию даты);Автоматизирован;
;;;;2. Повторно нажать на кнопку сортировки (стрелки);Прядок новостей изменился. Сверху отображаются самые новые публикации (сортировка по убыванию даты);;
32;Кнопка фильтрации новостей в разделе 'News';Высокий;Пользователь авторизован и находится в разделе 'News'.;1. Нажать на кнопку фильтрации (иконка фильтрации) в верхней панели раздела;Открылась форма фильтров. Отображаются: поле выбора категории, поля выбора периода времени, кнопки 'FILTER'  и 'CANCEL';Автоматизирован;
33;Кнопка редактирования новостей в разделе 'News';Высокий;Пользователь авторизован и находится в разделе 'News'.;1. Нажать на кнопку редактирования (карандаш) в верхней панели раздела;Осуществлен переход на страницу редактирвания новостей (Control panel). На странице отображается список изданий;Автоматизирован;
34;Кнопка 'REFRESH' при отсутствии новостей в разделе News ;Высокий;"1. Пользователь авторизован и находится в разделе 'News'.
2. Список новостей пустой";1. Нажать на кнопку 'REFRESH' ;Происходит обновление страницы (появление индикатора загрузки). Список остается пустым, кнопка 'REFRESH' остается доступной;Автоматизирован;
35;Фильтрация новостей по всем полям в разделе 'News';Высокий;Пользователь авторизирован и находится  в разделе 'News'.;1. Нажать на кнопку фильтрации (иконка фильтрации) в верхней панели раздела;Открылась форма фильтров. Отображаются: поле выбора категории, поля выбора периода времени, кнопки 'FILTER'  и 'CANCEL';Автоматизирован;
;;;;2. Выбрать значение в поле 'Category';Поле заполнено выбранной категорией из выпадающего списка;;
;;;;2. Выбрать дату начала периода;Дата начала периода выбрана и отображается в поле;;
;;;;3. Выбрать дату окончания периода;Дата окончания периода выбрана и отображается в поле;;
;;;;4. Нажать кнопку 'FILTER';Форма фильтрации закрылась, в списке отображаются новости, соответствующие заданным критериям/Список новостей отсутствует, на экране кнопка 'REFRESH';;
36;Отмена фильтрации новостей в разделе 'News';Высокий;Пользователь авторизирован и находится  в разделе 'News'.;1. Нажать на кнопку фильтрации (иконка фильтрации) в верхней панели раздела;Открылась форма фильтров. Отображаются: поле выбора категории, поля выбора периода времени, кнопки 'FILTER'  и 'CANCEL';Автоматизирован;
;;;;2. Выбрать значение в поле 'Category';Поле заполнено выбранной категорией из выпадающего списка;;
;;;;3. Нажать кнопку 'CANCEL';Форма фильтрации закрылась, отображается основной список новостей;;
37;Фильтрация новостей по полю 'Category' ;Высокий;Пользователь авторизирован и находится  в разделе 'News'.;1. Нажать на кнопку фильтрации (иконка фильтрации) в верхней панели раздела;Открылась форма фильтров. Отображаются: поле выбора категории, поля выбора периода времени, кнопки 'FILTER'  и 'CANCEL';Автоматизирован;
;;;;2. Выбрать значение в поле 'Category';Выбрано новое значение;;
;;;;3. Нажать кнопку 'FILTER';Форма фильтрации закрылась, в списке отображаются новости, относящиеся к выбранной категории/Список новостей отсутствует, на экране кнопка 'REFRESH';;
38;Фильтрация новостей по полю 'Category' (значение не из списка);Высокий;Пользователь авторизирован и находится  в разделе 'News'.;1. Нажать на кнопку фильтрации (иконка фильтрации) в верхней панели раздела;Открылась форма фильтров. Отображаются: поле выбора категории, поля выбора периода времени, кнопки 'FILTER'  и 'CANCEL';Автоматизирован;
;;;;2. Написать свое значение в поле 'Category' (Заявление);Выбрано новое значение;;
;;;;3. Нажать кнопку 'FILTER';Форма фильтрации закрылась, отображается основной список новостей;;
39;Фильтрация новостей по валидному периоду дат;Высокий;Пользователь авторизирован и находится  в разделе 'News'.;1. Нажать на кнопку фильтрации (иконка фильтрации) в верхней панели раздела;Открылась форма фильтров. Отображаются: поле выбора категории, поля выбора периода времени, кнопки 'FILTER'  и 'CANCEL';Автоматизирован;
;;;;2. Выбрать дату начала периода;Дата начала периода выбрана и отображается в поле;;
;;;;3. Выбрать дату окончания периода;Дата окончания периода выбрана и отображается в поле;;
;;;;4. Нажать кнопку 'FILTER';Форма фильтрации закрылась, в списке отображаются новости с датой публикации в выбранном диапозоне/Список новостей отсутствует, на экране кнопка 'REFRESH';;
40;Фильтрация только с датой начала периода;Высокий;Пользователь авторизирован и находится  в разделе 'News'.;1. Нажать на кнопку фильтрации (иконка фильтрации) в верхней панели раздела;Открылась форма фильтров. Отображаются: поле выбора категории, поля выбора периода времени, кнопки 'FILTER'  и 'CANCEL';Автоматизирован;
;;;;2. Выбрать дату начала периода;Дата начала периода выбрана и отображается в поле;;
;;;;3. Нажать кнопку 'FILTER';Появляется всплывающее окно с текстом ошибки 'Wrong period';;
41;Фильтрация только с датой окончания периода;Высокий;Пользователь авторизирован и находится  в разделе 'News'.;1. Нажать на кнопку фильтрации (иконка фильтрации) в верхней панели раздела;Открылась форма фильтров. Отображаются: поле выбора категории, поля выбора периода времени, кнопки 'FILTER'  и 'CANCEL';Не автоматизирован;Логика валидации аналогична кейсу №40. Автоматизация одного сценария из группы проверок «Wrong period» достаточна для контроля работоспособности данной функции.
;;;;2. Выбрать дату окончания периода;Дата начала периода выбрана и отображается в поле;;
;;;;3. Нажать кнопку 'FILTER';Появляется всплывающее окно с текстом ошибки 'Wrong period';;
42;Фильтрация новостей по невалидному периоду;Средний;Пользователь авторизирован и находится  в разделе 'News'.;1. Нажать на кнопку фильтрации (иконка фильтрации) в верхней панели раздела;Открылась форма фильтров. Отображаются: поле выбора категории, поля выбора периода времени, кнопки 'FILTER'  и 'CANCEL';Автоматизирован;
;;;;2. Выбрать дату начала периода (она должна быть позже даты окончания) (06.03.2026);Дата начала периода выбрана и отображается в поле;;
;;;;3. Выбрать дату окончания периода (она должна быть раньше даты начала) (01.03.2026);Дата окончания периода выбрана и отображается в поле;;
;;;;4. Нажать кнопку 'FILTER';Форма фильтрации закрылась, список пуст;;
43;Выбор даты начала (в календаре);Высокий;Пользователь авторизирован и находится  в разделе 'News'.;1. Нажать на кнопку фильтрации (иконка фильтрации) в верхней панели раздела;Открылась форма фильтров. Отображаются: поле выбора категории, поля выбора периода времени, кнопки 'FILTER'  и 'CANCEL';Автоматизирован;
;;;;2. Нажать на поле с датой начала периода;Открылось модальное окно календаря для выбора дыты;;
;;;;3. Выбрать любую дату в календаре;Дата подсвечена в календаре;;
;;;;4. Нажать кнопку 'OK' ;Окно календаря закрылось. В форме фильтрации поле даты начала заполнено;;
44;Отмена выбора даты начала (в календаре);Высокий;Пользователь авторизирован и находится  в разделе 'News'.;1. Нажать на кнопку фильтрации (иконка фильтрации) в верхней панели раздела;Открылась форма фильтров. Отображаются: поле выбора категории, поля выбора периода времени, кнопки 'FILTER'  и 'CANCEL';Автоматизирован;
;;;;2. Нажать на поле с датой начала периода;Открылось модальное окно календаря для выбора дыты;;
;;;;3. Выбрать любую дату в календаре;Дата подсвечена в календаре;;
;;;;4. Нажать кнопку 'CANCEL' ;Окно календаря закрылось. В форме фильтрации поле даты начала осталось пустым;;
45;Выбор даты окончания (в календаре);Высокий;Пользователь авторизирован и находится  в разделе 'News'.;1. Нажать на кнопку фильтрации (иконка фильтрации) в верхней панели раздела;Открылась форма фильтров. Отображаются: поле выбора категории, поля выбора периода времени, кнопки 'FILTER'  и 'CANCEL';Не автоматизирован;Работа с компонентом календаря и логика сохранения даты полностью покрыты кейсом №43. Повторная автоматизация для идентичного поля нецелесообразна.
;;;;2. Нажать на поле с датой окончания периода;Открылось модальное окно календаря для выбора дыты;;
;;;;3. Выбрать любую дату в календаре;Дата подсвечена в календаре;;
;;;;4. Нажать кнопку 'OK' ;Окно календаря закрылось. В форме фильтрации поле даты окончания заполнено;;
46;Отмена выбора даты окончания (в календаре);Высокий;Пользователь авторизирован и находится  в разделе 'News'.;1. Нажать на кнопку фильтрации (иконка фильтрации) в верхней панели раздела;Открылась форма фильтров. Отображаются: поле выбора категории, поля выбора периода времени, кнопки 'FILTER'  и 'CANCEL';Не автоматизирован;Логика отмены выбора даты в календаре покрыта автоматизированным кейсом №44.
;;;;2. Нажать на поле с датой окончания периода;Открылось модальное окно календаря для выбора дыты;;
;;;;3. Выбрать любую дату в календаре;Дата подсвечена в календаре;;
;;;;4. Нажать кнопку 'CANCEL' ;Окно календаря закрылось. В форме фильтрации поле даты окончания осталось пустым;;
47;Кнопка сортировки новостей в 'Control panel';Высокий;"1. Пользователь авторизован.
2. Пользователь перешел в раздел 'Control panel' (кнопка 'карандаш' в разделе 'News').
3. В списке есть минимум две новости";1. Нажать на кнопку сортировки (стрелки) в верхней панели раздела;Прядок новостей изменился. Сверху отображаются более старые публикации(сортировка по убыванию даты);Автоматизирован;
;;;;2. Повторно нажать на кнопку сортировки (стрелки);Прядок новостей изменился. Сверху отображаются самые новые публикации (сортировка по убыванию даты);;
48;Кнопка фильтрации новостей в 'Control panel';Высокий;"1. Пользователь авторизован.
2. Пользователь перешел в раздел 'Control panel' (кнопка 'карандаш' в разделе 'News').";1. Нажать на кнопку фильтрации (иконка фильтрации) в верхней панели раздела;Открылась форма фильтров. Отображаются: поле выбора категории, поля выбора периода времени,  чекбоксы 'Active' и 'Not active', кнопки 'FILTER'  и 'CANCEL';Автоматизирован;
49;Кнопка добавления новых новостей в 'Control panel';Высокий;"1. Пользователь авторизован.
2. Пользователь перешел в раздел 'Control panel' (кнопка 'карандаш' в разделе 'News').";1. Нажать на кнопку добавить (плюс);Открыласть форма создания новости. Отображаются: поле выбора категории, поле 'Title', поле 'Publication date', поле 'Time', поле 'Description', кнопки 'SAVE' и 'CANCEL';Автоматизирован;
50;Кнопка удаление новости из списка в  'Control panel';Высокий;"1. Пользователь авторизован.
2. Пользователь перешел в раздел 'Control panel' (кнопка 'карандаш' в разделе 'News').
3. В списке есть хотя бы одна новость.";1. Нажать на иконку 'корзина' в блоке любой новости;Появилось модальное окно подтвержения. Текст окна: 'Are you sure you want to permanently delete the document? These changes cannot be reversed in the future.';Автоматизирован;
;;;;2. Нажать кнопку 'OK' в окне подтверждения;Модальное окно закрылось. Выбранная новость больше не отображается в списке;;
51;Отмена удаления новости из списка в 'Control panel';Высокий;"1. Пользователь авторизован.
2. Пользователь перешел в раздел 'Control panel' (кнопка 'карандаш' в разделе 'News').
3. В списке есть хотя бы одна новость.";1. Нажать на иконку 'корзина' в блоке любой новости;Появилось модальное окно подтвержения. Текст окна: 'Are you sure you want to permanently delete the document? These changes cannot be reversed in the future.';Автоматизирован;
;;;;2. Нажать кнопку  CANCEL;Модальное окно закрылось. Выбранная новость осталась в списке (не удалена). Общее количество новостей в списке не изменилось;;
52;Кнопка редактирования новости из списка в 'Control panel';Высокий;"1. Пользователь авторизован.
2. Пользователь перешел в раздел 'Control panel' (кнопка 'карандаш' в разделе 'News').
3. В списке есть хотя бы одна новость.";1. Нажать на иконку 'карандаш' в блоке любой новости;Открыласть форма редактирования новости. Отображаются: поле выбора категории, поле 'Title', поле 'Publication date', поле 'Time', поле 'Description', переключатель 'Active' кнопки 'SAVE' и 'CANCEL';Автоматизирован;
53;Раскрытие описания новости из списка в  'Control panel';Высокий;"1. Пользователь авторизован.
2. Пользователь перешел в раздел 'Control panel' (кнопка 'карандаш' в разделе 'News').
3. В списке есть хотя бы одна новость.";1. Нажать на стрелку раскрытия в блоке любой новости;Блок новости расширяется вниз, становится виден ранее скрытый текст с описанием ;Автоматизирован;
54;Редактирование всех полей новости в  'Control panel' ;Высокий;"1. Пользователь авторизован.
2. Пользователь перешел в раздел 'Control panel' (кнопка 'карандаш' в разделе 'News').
3. В списке есть хотя бы одна новость.";1. Нажать на иконку 'карандаш' в блоке любой новости;Открыласть форма редактирования новости. Все поля( 'Category', 'Title', 'Publication date', 'Time', 'Description') заполнены текущими данными новости;Автоматизирован;
;;;;2. Изменить категорию в выпадающем списке в поле 'Category';Выбрано новое значение;;
;;;;3. Ввести новое значение в поле 'Title';Текст успешно обновлен;;
;;;;4. Установить новую дату в поле 'Publication date';Дата публикации изменена и отображается в поле;;
;;;;5. Установить новое время в поле 'Time';Время публикации изменено и отображается в поле;;
;;;;6. Ввести новые данные в поле 'Description';Текст успешно обновлен;;
;;;;7. Убедится, что переключатель 'Active' находится в активном состоянии (установлен по умолчанию);Состяние переключателя 'Active';;
;;;;8. Нажать кнопку 'SAVE';Форма закрылась. Призошел возврат к списку 'Control panel'. У отредактированной новости отображаются новые данные;;
55;Редактирование поля  'Category' в  'Control panel';Высокий;"1. Пользователь авторизован.
2. Пользователь перешел в раздел 'Control panel' (кнопка 'карандаш' в разделе 'News').
3. В списке есть хотя бы одна новость.";1. Нажать на иконку 'карандаш' в блоке любой новости;Открыласть форма редактирования новости. Все поля( 'Category', 'Title', 'Publication date', 'Time', 'Description') заполнены текущими данными новости;Автоматизирован;
;;;;2. Изменить категорию в выпадающем списке в поле 'Category';Выбрано новое значение;;
;;;;3. Нажать кнопку 'SAVE' ;Форма закрылась. Призошел возврат к списку 'Control panel'.;;
;;;;4. Снова нажать на иконку 'карандаш' у той же новости;Открыласть форма редактирования новости;;
;;;;5. Проверить сохранение выбранного значения в поле 'Category';В поле 'Category' отображается значение, выбранное на шаге 2;;
56;Редактирование поля  'Category' в  'Control panel (значение не из списка);Высокий;"1. Пользователь авторизован.
2. Пользователь перешел в раздел 'Control panel' (кнопка 'карандаш' в разделе 'News').
3. В списке есть хотя бы одна новость.";1. Нажать на иконку 'карандаш' в блоке любой новости;Открыласть форма редактирования новости. Все поля( 'Category', 'Title', 'Publication date', 'Time', 'Description') заполнены текущими данными новости;Автоматизирован;
;;;;2. Вручную вписать категорию в выпадающем списке в поле 'Category' (Заявление);Выбрано новое значение;;
;;;;3. Нажать кнопку 'SAVE' ;Форма не закрылась. Появилось сообщение об ошибке: 'Saving failed. Try again later.';;
57;Редактирование поля 'Title' в 'Control panel' ;Высокий;"1. Пользователь авторизован.
2. Пользователь перешел в раздел 'Control panel' (кнопка 'карандаш' в разделе 'News').
3. В списке есть хотя бы одна новость.";1. Нажать на иконку 'карандаш' в блоке любой новости;Открыласть форма редактирования новости. Все поля( 'Category', 'Title', 'Publication date', 'Time', 'Description') заполнены текущими данными новости;Автоматизирован;
;;;;2. Очистить поле 'Title' и ввести новое уникальное значение (test_Title);В поле 'Title' отображается новый введенный текст;;
;;;;3. Нажать кнопку 'SAVE' ;Форма закрылась. В списке 'Control panel' у редактируемой новости отображается новый заголовок. Остальные данные не изменились;;
58;Редактирование поля 'Title' в 'Control panel' (пустое поле);Высокий;"1. Пользователь авторизован.
2. Пользователь перешел в раздел 'Control panel' (кнопка 'карандаш' в разделе 'News').
3. В списке есть хотя бы одна новость.";1. Нажать на иконку 'карандаш' в блоке любой новости;Открыласть форма редактирования новости. Все поля( 'Category', 'Title', 'Publication date', 'Time', 'Description') заполнены текущими данными новости;Автоматизирован;
;;;;2. Очистить поле 'Title' и оставить незаполненным;Поле 'Title' пустое.  Кнопка 'SAVE' активна;;
;;;;3. Нажать кнопку 'SAVE' ;Форма не закрылась. Появилось сообщение об ошибке: 'Fill empty fields'. В поле 'Title' отображается индикатор ошибки (восклицательный знак);;
59;Редактирование поля 'Title' в 'Control panel' (пробелы в поле);Высокий;"1. Пользователь авторизован.
2. Пользователь перешел в раздел 'Control panel' (кнопка 'карандаш' в разделе 'News').
3. В списке есть хотя бы одна новость.";1. Нажать на иконку 'карандаш' в блоке любой новости;Открыласть форма редактирования новости. Все поля( 'Category', 'Title', 'Publication date', 'Time', 'Description') заполнены текущими данными новости;Не автоматизирован;"Сценарий дублирует проверку №58. Обе проверки вызывают идентичную системную ошибку ""Fill empty fields"", автоматизация одной из них достаточна."
;;;;2. Очистить поле 'Title' и ввести несклько пробелов (5);В поле 'Title' отображаются пробелы, курсор смещен вправо;;
;;;;3. Нажать кнопку 'SAVE' ;Форма не закрылась. Появилось сообщение об ошибке: 'Fill empty fields'. В поле 'Title' отображается индикатор ошибки (восклицательный знак);;
60;Редактирование поля 'Title' в 'Control panel' (1 символ в поле);Высокий;"1. Пользователь авторизован.
2. Пользователь перешел в раздел 'Control panel' (кнопка 'карандаш' в разделе 'News').
3. В списке есть хотя бы одна новость.";1. Нажать на иконку 'карандаш' в блоке любой новости;Открыласть форма редактирования новости. Все поля( 'Category', 'Title', 'Publication date', 'Time', 'Description') заполнены текущими данными новости;Автоматизирован;
;;;;2. Очистить поле 'Title' и ввести  один символ (А);В поле 'Title' отображается новый введенный текст;;
;;;;3. Нажать кнопку 'SAVE' ;Форма закрылась. Призошел возврат к списку 'Control panel'. У отредактированной новости отображается новый заголовок (А);;
61;Редактирование поля 'Title' в 'Control panel' (1000 символ в поле);Высокий;"1. Пользователь авторизован.
2. Пользователь перешел в раздел 'Control panel' (кнопка 'карандаш' в разделе 'News').
3. В списке есть хотя бы одна новость.";1. Нажать на иконку 'карандаш' в блоке любой новости;Открыласть форма редактирования новости. Все поля( 'Category', 'Title', 'Publication date', 'Time', 'Description') заполнены текущими данными новости;Не автоматизирован;Сценарий требует проверки корректности верстки (отсутствие смещений) и наличия многоточия. Ручное тестирование в данном случае точнее и эффективнее.
;;;;2. Очистить поле 'Title' и ввести  1000 символов;В поле 'Title' отображается новый введенный текст полностью. Поле не блокирует ввод;;
;;;;3. Нажать кнопку 'SAVE' ;Форма закрылась. Призошел возврат к списку 'Control panel'. У отредактированной новости отображается новый заголовок, обрезанный многоточием в конце. Верстка карточки новости не нарушена;;
;;;;4. Нажать на иконку 'карандаш' в блоке той же новости;В поле 'Title' отображаются все 1000 символов, введенные ранее;;
62;Редактирование поля 'Publication date' в 'Control panel' ;Высокий;"1. Пользователь авторизован.
2. Пользователь перешел в раздел 'Control panel' (кнопка 'карандаш' в разделе 'News').
3. В списке есть хотя бы одна новость.";1. Нажать на иконку 'карандаш' в блоке любой новости;Открыласть форма редактирования новости. Все поля( 'Category', 'Title', 'Publication date', 'Time', 'Description') заполнены текущими данными новости;Автоматизирован;
;;;;2. Установить новую дату в поле 'Publication date';Дата публикации изменена и отображается в поле;;
;;;;3. Нажать кнопку 'SAVE' ;Форма закрылась. В списке 'Control panel' у редактируемой новости отображается новая дата публикации. Остальные данные не изменились;;
63;Редактирование поля 'Publication date' в 'Control panel' (прошедшая дата);Высокий;"1. Пользователь авторизован.
2. Пользователь перешел в раздел 'Control panel' (кнопка 'карандаш' в разделе 'News').
3. В списке есть хотя бы одна новость.";1. Нажать на иконку 'карандаш' в блоке любой новости;Открылась форма редактирования новости. Все поля( 'Category', 'Title', 'Publication date', 'Time', 'Description') заполнены текущими данными новости;Автоматизирован;
;;;;2. Нажать на поле 'Publication date';Открывается форма календаря, текущая дата подсвечена;;
;;;;3. Попытаться выбрать любую прошедшую дату (вчерашнее число);Прошешие даты визуально неактивны (серого цвета). Клик по ним не приводит к выбору даты;;
64;Отмена выбора даты публикации в форме редактирования в 'Control panel';Высокий;"1. Пользователь авторизован.
2. Пользователь перешел в раздел 'Control panel' (кнопка 'карандаш' в разделе 'News').
3. В списке есть хотя бы одна новость.";1. Нажать на иконку 'карандаш' в блоке любой новости;Открыласть форма редактирования новости. Все поля( 'Category', 'Title', 'Publication date', 'Time', 'Description') заполнены текущими данными новости;Автоматизирован;
;;;;2. Нажать на поле 'Publication date';Открывается форма календаря, текущая дата подсвечена;;
;;;;3. Выбрать любую дату в календаре;Дата подсвечена в календаре;;
;;;;4. Нажать кнопку 'CANCEL' ;Окно календаря закрылось. В форме редактирования поле даты публикации осталось с прежней датой;;
65;Редактирование поля 'Time' в 'Control panel';Высокий;"1. Пользователь авторизован.
2. Пользователь перешел в раздел 'Control panel' (кнопка 'карандаш' в разделе 'News').
3. В списке есть хотя бы одна новость.";1. Нажать на иконку 'карандаш' в блоке любой новости;Открыласть форма редактирования новости. Все поля( 'Category', 'Title', 'Publication date', 'Time', 'Description') заполнены текущими данными новости;Автоматизирован;
;;;;2. Установить новое время в поле 'Time';Время публикации изменено и отображается в поле;;
;;;;3. Нажать кнопку 'SAVE' ;Форма закрылась. Призошел возврат к списку 'Control panel'.;;
;;;;4. Снова нажать на иконку 'карандаш' у той же новости;Открыласть форма редактирования новости;;
;;;;5. Проверить сохранение выбранного значения в поле 'Time';В поле 'Time' отображается значение, выбранное на шаге 2;;
66;Отмена выбора времени публикации в форме редактирования в 'Control panel';Высокий;"1. Пользователь авторизован.
2. Пользователь перешел в раздел 'Control panel' (кнопка 'карандаш' в разделе 'News').
3. В списке есть хотя бы одна новость.";1. Нажать на иконку 'карандаш' в блоке любой новости;Открыласть форма редактирования новости. Все поля( 'Category', 'Title', 'Publication date', 'Time', 'Description') заполнены текущими данными новости;Автоматизирован;
;;;;2. Нажать на поле 'Time';Открывается форма часов с установленным временем;;
;;;;3. Выбрать любое время;Время отражено вверху формы с часами;;
;;;;4. Нажать кнопку 'CANCEL' ;Форма с часами закрылась. В форме редактирования поле времени публикации осталось прежним;;
67;Редактирование поля 'Time' в 'Control panel' через клавиатуру;Высокий;"1. Пользователь авторизован.
2. Пользователь перешел в раздел 'Control panel' (кнопка 'карандаш' в разделе 'News').
3. В списке есть хотя бы одна новость.";1. Нажать на иконку 'карандаш' в блоке любой новости;Открыласть форма редактирования новости. Все поля( 'Category', 'Title', 'Publication date', 'Time', 'Description') заполнены текущими данными новости;Автоматизирован;
;;;;2. Нажать на поле 'Time';Открывается форма часов с установленным временем;;
;;;;3. В левом нижнем углу  нажать на кнопку переключения 'клавиатура';Открывается форма 'Set time', где возможен ручной ввод времени;;
;;;;4. Удалить текущее значение и ввести в ручную (15:10);Значение корректно отображается в поле 'Time';;
;;;;5. Нажать кнопку 'SAVE' ;Форма закрылась. Призошел возврат к списку 'Control panel'.;;
;;;;6. Снова нажать на иконку 'карандаш' у той же новости;Открыласть форма редактирования новости;;
;;;;7. Проверить сохранение выбранного значения в поле 'Time';В поле 'Time' отображается значение, выбранное на шаге 4;;
68;Редактирование поля 'Time' в 'Control panel' через клавиатуру (отмена выбора времени);Высокий;"1. Пользователь авторизован.
2. Пользователь перешел в раздел 'Control panel' (кнопка 'карандаш' в разделе 'News').
3. В списке есть хотя бы одна новость.";1. Нажать на иконку 'карандаш' в блоке любой новости;Открыласть форма редактирования новости. Все поля( 'Category', 'Title', 'Publication date', 'Time', 'Description') заполнены текущими данными новости;Автоматизирован;
;;;;2. Нажать на поле 'Time';Открывается форма часов с установленным временем;;
;;;;3. В левом нижнем углу  нажать на кнопку переключения 'клавиатура';Открывается форма 'Set time', где возможен ручной ввод времени;;
;;;;4. Удалить текущее значение и ввести любое время;Значение корректно отображается в поле 'Time';;
;;;;5. Нажать кнопку 'CANCEL' ;Форма 'Set time' закрылась. В форме редактирования поле времени публикации осталось прежним;;
69;Редактирование поля 'Time' в 'Control panel' через клавиатуру (валидация неккоректного времени - пустые поля);Высокий;"1. Пользователь авторизован.
2. Пользователь перешел в раздел 'Control panel' (кнопка 'карандаш' в разделе 'News').
3. В списке есть хотя бы одна новость.";1. Нажать на иконку 'карандаш' в блоке любой новости;Открыласть форма редактирования новости. Все поля( 'Category', 'Title', 'Publication date', 'Time', 'Description') заполнены текущими данными новости;Не автоматизирован;Проверка механизма валидации времени («Enter a valid time») полностью реализована в кейсе №70. Повторная автоматизация для пустых полей нецелесообразна.
;;;;2. Нажать на поле 'Time';Открывается форма часов с установленным временем;;
;;;;3. В левом нижнем углу  нажать на кнопку переключения 'клавиатура';Открывается форма 'Set time', где возможен ручной ввод времени;;
;;;;4. Удалить текущее значение и оставить поле незаполненным;Поля 'hour' и 'minute' незаполнены;;
;;;;5. Нажать кнопку 'OK';Форма не закрылась. Появилось сообщение об ошибке: 'Enter a valid time';;
70;Редактирование поля 'Time' в 'Control panel' через клавиатуру (валидация неккоректного времени - пустое поле 'hour');Средний;"1. Пользователь авторизован.
2. Пользователь перешел в раздел 'Control panel' (кнопка 'карандаш' в разделе 'News').
3. В списке есть хотя бы одна новость.";1. Нажать на иконку 'карандаш' в блоке любой новости;Открыласть форма редактирования новости. Все поля( 'Category', 'Title', 'Publication date', 'Time', 'Description') заполнены текущими данными новости;Автоматизирован;
;;;;2. Нажать на поле 'Time';Открывается форма часов с установленным временем;;
;;;;3. В левом нижнем углу  нажать на кнопку переключения 'клавиатура';Открывается форма 'Set time', где возможен ручной ввод времени;;
;;;;4. Удалить текущее значение, оставить поле 'hour' незаполненным, в поле 'minute' ввести значение от 00 до 59;Поле 'hour' пустое, поле 'minute' заполнено;;
;;;;5. Нажать кнопку 'OK';Форма не закрылась. Появилось сообщение об ошибке: 'Enter a valid time';;
71;Редактирование поля 'Time' в 'Control panel' через клавиатуру (валидация неккоректного времени - пустое поле 'minute');Средний;"1. Пользователь авторизован.
2. Пользователь перешел в раздел 'Control panel' (кнопка 'карандаш' в разделе 'News').
3. В списке есть хотя бы одна новость.";1. Нажать на иконку 'карандаш' в блоке любой новости;Открыласть форма редактирования новости. Все поля( 'Category', 'Title', 'Publication date', 'Time', 'Description') заполнены текущими данными новости;Не автоматизирован;Аналогично кейсу №69, логика обработки пустых значений времени уже покрыта автоматизированным тестом №70.
;;;;2. Нажать на поле 'Time';Открывается форма часов с установленным временем;;
;;;;3. В левом нижнем углу  нажать на кнопку переключения 'клавиатура';Открывается форма 'Set time', где возможен ручной ввод времени;;
;;;;4. Удалить текущее значение, заполнить поле 'hour' значением от 00 до 23, поле 'minute' оставить незаполненым;Поле 'hour' заполнено, поле 'minute' пустое;;
;;;;5. Нажать кнопку 'OK';Форма не закрылась. Появилось сообщение об ошибке: 'Enter a valid time';;
72;Редактирование поля 'Time' в 'Control panel' через клавиатуру (валидация неккоректного времени - граничное значение в поле 'hour');Высокий;"1. Пользователь авторизован.
2. Пользователь перешел в раздел 'Control panel' (кнопка 'карандаш' в разделе 'News').
3. В списке есть хотя бы одна новость.";1. Нажать на иконку 'карандаш' в блоке любой новости;Открыласть форма редактирования новости. Все поля( 'Category', 'Title', 'Publication date', 'Time', 'Description') заполнены текущими данными новости;Автоматизирован;
;;;;2. Нажать на поле 'Time';Открывается форма часов с установленным временем;;
;;;;3. В левом нижнем углу  нажать на кнопку переключения 'клавиатура';Открывается форма 'Set time', где возможен ручной ввод времени;;
;;;;4. Удалить текущее значение, заполнить поле 'hour' значением 24, в поле 'minute' ввести значение от 00 до 59;Поле 'hour' и поле 'minute' заполнено;;
;;;;5. Нажать кнопку 'OK';Форма не закрылась. Появилось сообщение об ошибке: 'Enter a valid time';;
73;Редактирование поля 'Time' в 'Control panel' через клавиатуру (валидация неккоректного времени - граничное значение в поле 'minute');Высокий;"1. Пользователь авторизован.
2. Пользователь перешел в раздел 'Control panel' (кнопка 'карандаш' в разделе 'News').
3. В списке есть хотя бы одна новость.";1. Нажать на иконку 'карандаш' в блоке любой новости;Открыласть форма редактирования новости. Все поля( 'Category', 'Title', 'Publication date', 'Time', 'Description') заполнены текущими данными новости;Не автоматизирован;Механизм валидации некорректного времени («Enter a valid time») уже покрыт автоматизированным кейсом №72. Повторная автоматизация для поля 'minute' нецелесообразна.
;;;;2. Нажать на поле 'Time';Открывается форма часов с установленным временем;;
;;;;3. В левом нижнем углу  нажать на кнопку переключения 'клавиатура';Открывается форма 'Set time', где возможен ручной ввод времени;;
;;;;4. Удалить текущее значение, заполнить поле 'hour' значением от 00 до 23, в поле 'minute' ввести значение 60;Поле 'hour' и поле 'minute' заполнено;;
;;;;5. Нажать кнопку 'OK';Форма не закрылась. Появилось сообщение об ошибке: 'Enter a valid time';;
74;Редактирование поля 'Time' в 'Control panel' через клавиатуру (валидация неккоректного времени - ввод спецсимволов');Высокий;"1. Пользователь авторизован.
2. Пользователь перешел в раздел 'Control panel' (кнопка 'карандаш' в разделе 'News').
3. В списке есть хотя бы одна новость.";1. Нажать на иконку 'карандаш' в блоке любой новости;Открыласть форма редактирования новости. Все поля( 'Category', 'Title', 'Publication date', 'Time', 'Description') заполнены текущими данными новости;Не автоматизирован;Espresso имитирует ввод текста напрямую в поле, что может обходить системные фильтры клавиатуры. Проверка блокировки ввода спецсимволов на уровне ОС эффективнее выполняется вручную.
;;;;2. Нажать на поле 'Time';Открывается форма часов с установленным временем;;
;;;;3. В левом нижнем углу  нажать на кнопку переключения 'клавиатура';Открывается форма 'Set time', где возможен ручной ввод времени;;
;;;;4. Удалить текущее значение, попытаться заполнить поля 'hour' или 'minute' спецсимволами (-#+./);Поля блокируют ввод значения '-#+./'.  Поля остаются пустыми;;
75;Переключение способа ввода времени в форме редактирования 'Control panel';Высокий;"1. Пользователь авторизован.
2. Пользователь перешел в раздел 'Control panel' (кнопка 'карандаш' в разделе 'News').
3. В списке есть хотя бы одна новость.";1. Нажать на иконку 'карандаш' в блоке любой новости;Открыласть форма редактирования новости. Все поля( 'Category', 'Title', 'Publication date', 'Time', 'Description') заполнены текущими данными новости;Автоматизирован;
;;;;2. Нажать на поле 'Time';Открывается форма часов с установленным временем;;
;;;;3. В левом нижнем углу  нажать на кнопку переключения 'клавиатура';Открывается форма 'Set time', где возможен ручной ввод времени;;
;;;;4. В левом нижнем углу формы 'Set time' нажать на кнопку переключения 'часы';Открывается форма часов для выбора времени;;
76;Редактирование поля 'Description' в 'Control panel';Высокий;"1. Пользователь авторизован.
2. Пользователь перешел в раздел 'Control panel' (кнопка 'карандаш' в разделе 'News').
3. В списке есть хотя бы одна новость.";1. Нажать на иконку 'карандаш' в блоке любой новости;Открыласть форма редактирования новости. Все поля( 'Category', 'Title', 'Publication date', 'Time', 'Description') заполнены текущими данными новости;Автоматизирован;
;;;;2. Очистить поле 'Description' и ввести новое уникальное значение ;В поле 'Description' отображается новый введенный текст;;
;;;;3. Нажать кнопку 'SAVE' ;Форма закрылась. Призошел возврат к списку 'Control panel'.;;
;;;;4. Нажать на стрелку раскрытия в блоке только что отредактированной новости;Блок новости расширяется вниз, становится виден ранее скрытый текст с обновленным описанием ;;
77;Редактирование поля 'Description' в 'Control panel' (пустое поле);Высокий;"1. Пользователь авторизован.
2. Пользователь перешел в раздел 'Control panel' (кнопка 'карандаш' в разделе 'News').
3. В списке есть хотя бы одна новость.";1. Нажать на иконку 'карандаш' в блоке любой новости;Открыласть форма редактирования новости. Все поля( 'Category', 'Title', 'Publication date', 'Time', 'Description') заполнены текущими данными новости;Автоматизирован;
;;;;2. Очистить поле 'Description' и оставить незаполненным;Поле 'Description' пустое.  Кнопка 'SAVE' активна;;
;;;;3. Нажать кнопку 'SAVE' ;Форма не закрылась. Появилось сообщение об ошибке: 'Fill empty fields'. В поле 'Description' отображается индикатор ошибки (восклицательный знак);;
78;Редактирование поля 'Description' в 'Control panel' (пробелы в поле);Высокий;"1. Пользователь авторизован.
2. Пользователь перешел в раздел 'Control panel' (кнопка 'карандаш' в разделе 'News').
3. В списке есть хотя бы одна новость.";1. Нажать на иконку 'карандаш' в блоке любой новости;Открыласть форма редактирования новости. Все поля( 'Category', 'Title', 'Publication date', 'Time', 'Description') заполнены текущими данными новости;Не автоматизирован;Сценарий дублирует проверку №77. Логика обработки пустых значений и строк из пробелов одинакова, автоматизация одного из этих кейсов достаточна для контроля функции.
;;;;2. Очистить поле 'Description' и ввести несклько пробелов (5);В поле 'Description' отображаются пробелы, курсор смещен вправо;;
;;;;3. Нажать кнопку 'SAVE' ;Форма не закрылась. Появилось сообщение об ошибке: 'Fill empty fields'. В поле 'Description' отображается индикатор ошибки (восклицательный знак);;
79;Редактирование поля 'Description' в 'Control panel' (1 символ в поле);Высокий;"1. Пользователь авторизован.
2. Пользователь перешел в раздел 'Control panel' (кнопка 'карандаш' в разделе 'News').
3. В списке есть хотя бы одна новость.";1. Нажать на иконку 'карандаш' в блоке любой новости;Открыласть форма редактирования новости. Все поля( 'Category', 'Title', 'Publication date', 'Time', 'Description') заполнены текущими данными новости;Автоматизирован;
;;;;2. Очистить поле 'Description' и ввести  один символ (Р);В поле 'Description' отображается новый введенный текст;;
;;;;3. Нажать кнопку 'SAVE' ;Форма закрылась. Призошел возврат к списку 'Control panel'.;;
;;;;4. Нажать на стрелку раскрытия в блоке только что отредактированной новости;Блок новости расширяется вниз, становится виден ранее скрытый текст с обновленным описанием (А);;
80;Редактирование поля 'Description' в 'Control panel' (5000 символ в поле);Высокий;"1. Пользователь авторизован.
2. Пользователь перешел в раздел 'Control panel' (кнопка 'карандаш' в разделе 'News').
3. В списке есть хотя бы одна новость.";1. Нажать на иконку 'карандаш' в блоке любой новости;Открыласть форма редактирования новости. Все поля( 'Category', 'Title', 'Publication date', 'Time', 'Description') заполнены текущими данными новости;Не автоматизирован;Ввод 5000 символов может вызвать TimeOut или падение. Сценарий требует визуальной проверки корректности расширения блока новости, что эффективнее выполнять вручную.
;;;;2. Очистить поле 'Description' и ввести  5000 символов;В поле 'Description' отображается новый введенный текст полностью. Поле не блокирует ввод;;
;;;;3. Нажать кнопку 'SAVE' ;Форма закрылась. Призошел возврат к списку 'Control panel'.;;
;;;;4. Нажать на стрелку раскрытия в блоке только что отредактированной новости;Блок новости расширяется вниз, становится виден ранее скрытый текст с обновленным описанием на 5000 символов;;
81;Изменение статуса новости на 'Active' через форму редактирвания в 'Control panel';Высокий;"1. Пользователь авторизован.
2. Пользователь перешел в раздел 'Control panel' (кнопка 'карандаш' в разделе 'News').
3. В списке есть хотя бы одна новость.";1. Нажать на иконку 'карандаш' в блоке новости со статусом 'Not active';Открыласть форма редактирования новости. Все поля( 'Category', 'Title', 'Publication date', 'Time', 'Description') заполнены текущими данными новости;Автоматизирован;
;;;;2. Перевести переключатель (свитч) в положение 'Active' ;Переключатель визуально изменил состояние (подсвечен), отображается текстовая метка 'Active';;
;;;;3. Нажать кнопку SAVE ;Форма закрылась. Призошел возврат к списку 'Control panel'. У отредактирванной новости статус изменился на 'Active' ;;
82;Изменение статуса новости на 'Not active' через форму редактирвания в 'Control panel';Высокий;"1. Пользователь авторизован.
2. Пользователь перешел в раздел 'Control panel' (кнопка 'карандаш' в разделе 'News').
3. В списке есть хотя бы одна новость.";1. Нажать на иконку 'карандаш' в блоке новости со статусом 'Active';Открыласть форма редактирования новости. Все поля( 'Category', 'Title', 'Publication date', 'Time', 'Description') заполнены текущими данными новости;Автоматизирован;
;;;;2. Перевести переключатель (свитч) в положение 'Not active' ;Переключатель визуально изменил состояние (стал серым), отображается текстовая метка 'Not active';;
;;;;3. Нажать кнопку SAVE ;Форма закрылась. Призошел возврат к списку 'Control panel'. У отредактирванной новости статус изменился на 'Not active' ;;
83;Отмена редактирования новостей 'Control panel';Высокий;"1. Пользователь авторизован.
2. Пользователь перешел в раздел 'Control panel' (кнопка 'карандаш' в разделе 'News').
3. В списке есть хотя бы одна новость.";1. Нажать на иконку 'карандаш' в блоке любой новости;Открыласть форма редактирования новости. Все поля( 'Category', 'Title', 'Publication date', 'Time', 'Description') заполнены текущими данными новости;Автоматизирован;
;;;;2. Выбрать значение в поле 'Category';Поле заполнено выбранной категорией из выпадающего списка;;
;;;;3. Нажать кнопку 'CANCEL';Появилось модальное окно подтвержения. Текст окна: 'The changes won't be saved, do you really want to log out?';;
;;;;4. Нажать кнопку OK;Форма закрылась. Призошел возврат к списку 'Control panel'. ;;
84;Фильтрация новостей по всем полям в 'Control panel';Высокий;"1. Пользователь авторизован.
2. Пользователь перешел в раздел 'Control panel' (кнопка 'карандаш' в разделе 'News').
";1. Нажать на кнопку фильтрации (иконка фильтрации) в верхней панели раздела;Открылась форма фильтров. Отображаются: поле выбора категории, поля выбора периода времени,  чекбоксы 'Active' и 'Not active', кнопки 'FILTER'  и 'CANCEL';Автоматизирован;
;;;;2. Выбрать значение в поле 'Category';Поле заполнено выбранной категорией из выпадающего списка;;
;;;;2. Выбрать дату начала периода;Дата начала периода выбрана и отображается в поле;;
;;;;3. Выбрать дату окончания периода;Дата окончания периода выбрана и отображается в поле;;
;;;;4. Убедится, что чекбокс 'Active' находится в активном состоянии (установлен по умолчанию);Чекбокс 'Active' установлен;;
;;;;5. Убедится, что чекбокс 'Not active' находится в активном состоянии (установлен по умолчанию);Чекбокс 'Not active' установлен;;
;;;;6. Нажать кнопку 'FILTER';Форма фильтрации закрылась, в списке отображаются новости, соответствующие заданным критериям/Список новостей отсутствует, на экране кнопка 'REFRESH';;
85;Отмена фильтрации новостей в  'Control panel';Высокий;"1. Пользователь авторизован.
2. Пользователь перешел в раздел 'Control panel' (кнопка 'карандаш' в разделе 'News').";1. Нажать на кнопку фильтрации (иконка фильтрации) в верхней панели раздела;Открылась форма фильтров. Отображаются: поле выбора категории, поля выбора периода времени,  чекбоксы 'Active' и 'Not active', кнопки 'FILTER'  и 'CANCEL';Автоматизирован;
;;;;2. Выбрать значение в поле 'Category';Поле заполнено выбранной категорией из выпадающего списка;;
;;;;3. Нажать кнопку 'CANCEL';Форма фильтрации закрылась, отображается основной список новостей;;
86;Фильтрация новостей по полю 'Category' в  'Control panel';Высокий;"1. Пользователь авторизован.
2. Пользователь перешел в раздел 'Control panel' (кнопка 'карандаш' в разделе 'News').";1. Нажать на кнопку фильтрации (иконка фильтрации) в верхней панели раздела;Открылась форма фильтров. Отображаются: поле выбора категории, поля выбора периода времени,  чекбоксы 'Active' и 'Not active', кнопки 'FILTER'  и 'CANCEL';Автоматизирован;
;;;;2. Выбрать значение в поле 'Category';Выбрано новое значение;;
;;;;3. Нажать кнопку 'FILTER';Форма фильтрации закрылась, в списке отображаются новости, относящиеся к выбранной категории/Список новостей отсутствует, на экране кнопка 'REFRESH';;
87;Фильтрация новостей по полю 'Category' в  'Control panel' (значение не из списка);Высокий;"1. Пользователь авторизован.
2. Пользователь перешел в раздел 'Control panel' (кнопка 'карандаш' в разделе 'News').";1. Нажать на кнопку фильтрации (иконка фильтрации) в верхней панели раздела;Открылась форма фильтров. Отображаются: поле выбора категории, поля выбора периода времени,  чекбоксы 'Active' и 'Not active', кнопки 'FILTER'  и 'CANCEL';Автоматизирован;
;;;;2. Написать свое значение в поле 'Category' (Заявление);Выбрано новое значение;;
;;;;3. Нажать кнопку 'FILTER';Форма фильтрации закрылась, отображается основной список новостей;;
88;Фильтрация новостей по валидному периоду дат в  'Control panel';Высокий;"1. Пользователь авторизован.
2. Пользователь перешел в раздел 'Control panel' (кнопка 'карандаш' в разделе 'News').";1. Нажать на кнопку фильтрации (иконка фильтрации) в верхней панели раздела;Открылась форма фильтров. Отображаются: поле выбора категории, поля выбора периода времени,  чекбоксы 'Active' и 'Not active', кнопки 'FILTER'  и 'CANCEL';Автоматизирован;
;;;;2. Выбрать дату начала периода;Дата начала периода выбрана и отображается в поле;;
;;;;3. Выбрать дату окончания периода;Дата окончания периода выбрана и отображается в поле;;
;;;;4. Нажать кнопку 'FILTER';Форма фильтрации закрылась, в списке отображаются новости с датой публикации в выбранном диапозоне/Список новостей отсутствует, на экране кнопка 'REFRESH';;
89;Фильтрация только с датой начала периода в  'Control panel';Высокий;"1. Пользователь авторизован.
2. Пользователь перешел в раздел 'Control panel' (кнопка 'карандаш' в разделе 'News').";1. Нажать на кнопку фильтрации (иконка фильтрации) в верхней панели раздела;Открылась форма фильтров. Отображаются: поле выбора категории, поля выбора периода времени,  чекбоксы 'Active' и 'Not active', кнопки 'FILTER'  и 'CANCEL';Автоматизирован;
;;;;2. Выбрать дату начала периода;Дата начала периода выбрана и отображается в поле;;
;;;;3. Нажать кнопку 'FILTER';Появляется всплывающее окно с текстом ошибки 'Wrong period';;
90;Фильтрация только с датой окончания периода  в  'Control panel';Высокий;"1. Пользователь авторизован.
2. Пользователь перешел в раздел 'Control panel' (кнопка 'карандаш' в разделе 'News').";1. Нажать на кнопку фильтрации (иконка фильтрации) в верхней панели раздела;Открылась форма фильтров. Отображаются: поле выбора категории, поля выбора периода времени,  чекбоксы 'Active' и 'Not active', кнопки 'FILTER'  и 'CANCEL';Не автоматизирован;Логика валидации аналогична кейсу №89. Автоматизация одного сценария из группы проверок «Wrong period» достаточна для контроля работоспособности данной функции.
;;;;2. Выбрать дату окончания периода;Дата начала периода выбрана и отображается в поле;;
;;;;3. Нажать кнопку 'FILTER';Появляется всплывающее окно с текстом ошибки 'Wrong period';;
91;Фильтрация новостей по невалидному периоду  в  'Control panel';Высокий;"1. Пользователь авторизован.
2. Пользователь перешел в раздел 'Control panel' (кнопка 'карандаш' в разделе 'News').";1. Нажать на кнопку фильтрации (иконка фильтрации) в верхней панели раздела;Открылась форма фильтров. Отображаются: поле выбора категории, поля выбора периода времени,  чекбоксы 'Active' и 'Not active', кнопки 'FILTER'  и 'CANCEL';Автоматизирован;
;;;;2. Выбрать дату начала периода (она должна быть позже даты окончания) (06.03.2026);Дата начала периода выбрана и отображается в поле;;
;;;;3. Выбрать дату окончания периода (она должна быть раньше даты начала) (01.03.2026);Дата окончания периода выбрана и отображается в поле;;
;;;;4. Нажать кнопку 'FILTER';Форма фильтрации закрылась, список пуст;;
92;Выбор даты начала (в календаре) в 'Control panel';Высокий;"1. Пользователь авторизован.
2. Пользователь перешел в раздел 'Control panel' (кнопка 'карандаш' в разделе 'News').";1. Нажать на кнопку фильтрации (иконка фильтрации) в верхней панели раздела;Открылась форма фильтров. Отображаются: поле выбора категории, поля выбора периода времени, кнопки 'FILTER'  и 'CANCEL';Автоматизирован;
;;;;2. Нажать на поле с датой начала периода;Открылось модальное окно календаря для выбора дыты;;
;;;;3. Выбрать любую дату в календаре;Дата подсвечена в календаре;;
;;;;4. Нажать кнопку 'OK' ;Окно календаря закрылось. В форме фильтрации поле даты начала заполнено;;
93;Отмена выбора даты начала (в календаре) в 'Control panel';Высокий;"1. Пользователь авторизован.
2. Пользователь перешел в раздел 'Control panel' (кнопка 'карандаш' в разделе 'News').";1. Нажать на кнопку фильтрации (иконка фильтрации) в верхней панели раздела;Открылась форма фильтров. Отображаются: поле выбора категории, поля выбора периода времени,  чекбоксы 'Active' и 'Not active', кнопки 'FILTER'  и 'CANCEL';Автоматизирован;
;;;;2. Нажать на поле с датой начала периода;Открылось модальное окно календаря для выбора дыты;;
;;;;3. Выбрать любую дату в календаре;Дата подсвечена в календаре;;
;;;;4. Нажать кнопку 'CANCEL' ;Окно календаря закрылось. В форме фильтрации поле даты начала осталось пустым;;
94;Выбор даты окончания (в календаре) в 'Control panel';Высокий;"1. Пользователь авторизован.
2. Пользователь перешел в раздел 'Control panel' (кнопка 'карандаш' в разделе 'News').";1. Нажать на кнопку фильтрации (иконка фильтрации) в верхней панели раздела;Открылась форма фильтров. Отображаются: поле выбора категории, поля выбора периода времени,  чекбоксы 'Active' и 'Not active', кнопки 'FILTER'  и 'CANCEL';Не автоматизирован;Работа с компонентом календаря и логика сохранения даты полностью покрыты кейсом №92. Повторная автоматизация для идентичного поля нецелесообразна.
;;;;2. Нажать на поле с датой окончания периода;Открылось модальное окно календаря для выбора дыты;;
;;;;3. Выбрать любую дату в календаре;Дата подсвечена в календаре;;
;;;;4. Нажать кнопку 'OK' ;Окно календаря закрылось. В форме фильтрации поле даты окончания осталось пустым;;
95;Отмена выбора даты окончания (в календаре) в 'Control panel';Высокий;"1. Пользователь авторизован.
2. Пользователь перешел в раздел 'Control panel' (кнопка 'карандаш' в разделе 'News').";1. Нажать на кнопку фильтрации (иконка фильтрации) в верхней панели раздела;Открылась форма фильтров. Отображаются: поле выбора категории, поля выбора периода времени,  чекбоксы 'Active' и 'Not active', кнопки 'FILTER'  и 'CANCEL';Не автоматизирован;Логика отмены выбора даты в календаре покрыта автоматизированным кейсом №93.
;;;;2. Нажать на поле с датой окончания периода;Открылось модальное окно календаря для выбора дыты;;
;;;;3. Выбрать любую дату в календаре;Дата подсвечена в календаре;;
;;;;4. Нажать кнопку 'CANCEL' ;Окно календаря закрылось. В форме фильтрации поле даты окончания осталось пустым;;
96;Фильтрация новостей по чекбоксу 'Active' в 'Control panel';Высокий;"1. Пользователь авторизован.
2. Пользователь перешел в раздел 'Control panel' (кнопка 'карандаш' в разделе 'News').";1. Нажать на кнопку фильтрации (иконка фильтрации) в верхней панели раздела;Открылась форма фильтров. Отображаются: поле выбора категории, поля выбора периода времени,  чекбоксы 'Active' и 'Not active', кнопки 'FILTER'  и 'CANCEL';Автоматизирован;
;;;;2. Деактивировать (снять флажок)  чекбокс 'Not active';Чекбокс  'Not active' пуст. Чекбокс  'Active' остается выбранным ;;
;;;;3. Нажать кнопку 'FILTER';Форма закрылась. В списке отображаются только новости со статусом 'Active'/Список новостей отсутствует, на экране кнопка 'REFRESH';;
97;Фильтрация новостей по чекбоксу 'Not active' в 'Control panel';Высокий;"1. Пользователь авторизован.
2. Пользователь перешел в раздел 'Control panel' (кнопка 'карандаш' в разделе 'News').";1. Нажать на кнопку фильтрации (иконка фильтрации) в верхней панели раздела;Открылась форма фильтров. Отображаются: поле выбора категории, поля выбора периода времени,  чекбоксы 'Active' и 'Not active', кнопки 'FILTER'  и 'CANCEL';Автоматизирован;
;;;;2. Деактивировать (снять флажок)  чекбокс 'Active';Чекбокс  'Active' пуст. Чекбокс  'Not active' остается выбранным ;;
;;;;3. Нажать кнопку 'FILTER';Форма закрылась. В списке отображаются только новости со статусом 'Not active'/Список новостей отсутствует, на экране кнопка 'REFRESH';;
98;Создание новой новости;Высокий;"1. Пользователь авторизован.
2. Пользователь перешел в раздел 'Control panel' (кнопка 'карандаш' в разделе 'News').";1. Нажать на кнопку добавить (плюс);Открыласть форма создания новости. Отображаются: поле выбора категории, поле 'Title', поле 'Publication date', поле 'Time', поле 'Description', заблокированный ползунок 'Active', кнопки 'SAVE' и 'CANCEL';Автоматизирован;
;;;;2. Выбрать категорию в выпадающем списке в поле 'Category';Поле заполнено выбранной категорией из выпадающего списка;;
;;;;3. Ввести значение в поле 'Title';Текст успешно внесен;;
;;;;4. Установить дату в поле 'Publication date';Дата публикации выбрана и отображается в поле;;
;;;;5. Установить время в поле 'Time';Время публикации выбрано и отображается в поле;;
;;;;6. Ввести данные в поле 'Description';Текст успешно внесен;;
;;;;7. Убедится, что переключатель 'Active' находится в заблокирванном состоянии (установлен по умолчанию);Состяние переключателя 'Active';;
;;;;8. Нажать кнопку 'SAVE';Форма закрылась. Призошел возврат к списку 'Control panel'. В списке отображается созданная новость;;
99;Отмена создания новости;Высокий;"1. Пользователь авторизован.
2. Пользователь перешел в раздел 'Control panel' (кнопка 'карандаш' в разделе 'News').";1. Нажать на кнопку добавить (плюс);Открыласть форма создания новости. Отображаются: поле выбора категории, поле 'Title', поле 'Publication date', поле 'Time', поле 'Description', заблокированный ползунок 'Active', кнопки 'SAVE' и 'CANCEL';Автоматизирован;
;;;;2. Выбрать значение в поле 'Category';Поле заполнено выбранной категорией из выпадающего списка;;
;;;;3. Нажать кнопку 'CANCEL';Появилось модальное окно подтвержения. Текст окна: 'The changes won't be saved, do you really want to log out?';;
;;;;4. Нажать кнопку OK;Форма закрылась. Призошел возврат к списку 'Control panel'. ;;
100;Создание новости с заполнением только поля 'Category';Высокий;"1. Пользователь авторизован.
2. Пользователь перешел в раздел 'Control panel' (кнопка 'карандаш' в разделе 'News').";1. Нажать на кнопку добавить (плюс);Открыласть форма создания новости. Отображаются: поле выбора категории, поле 'Title', поле 'Publication date', поле 'Time', поле 'Description', заблокированный ползунок 'Active', кнопки 'SAVE' и 'CANCEL';Автоматизирован;
;;;;2. Выбрать значение в поле 'Category';Поле заполнено выбранной категорией из выпадающего списка;;
;;;;3. Очистить поле 'Title' (если оно было заполнено автоматически) и оставить остальные поля пустыми;Поля 'Title', 'Publication date', 'Time', 'Description' - пустые;;
;;;;4. Нажать кнопку 'SAVE' ;Форма не закрылась. Появилось сообщение об ошибке: 'Fill empty fields'. Рядом с незаполненными обязательными полями отображается индикатор ошибки (восклицательный знак);;
101;Создание новости с заполнением только поля 'Category' (значение не из списка);Высокий;"1. Пользователь авторизован.
2. Пользователь перешел в раздел 'Control panel' (кнопка 'карандаш' в разделе 'News').";1. Нажать на кнопку добавить (плюс);Открыласть форма создания новости. Отображаются: поле выбора категории, поле 'Title', поле 'Publication date', поле 'Time', поле 'Description', заблокированный ползунок 'Active', кнопки 'SAVE' и 'CANCEL';Автоматизирован;
;;;;2. Написать свое значение в поле 'Category';Поле заполнено;;
;;;;3. Очистить поле 'Title' (если оно было заполнено автоматически) и оставить остальные поля пустыми;Поля 'Title', 'Publication date', 'Time', 'Description' - пустые;;
;;;;4. Нажать кнопку 'SAVE' ;Форма не закрылась. Появилось сообщение об ошибке: 'Saving failed. Try again later.';;
102;Создание новости с заполнением только поля 'Title';Высокий;"1. Пользователь авторизован.
2. Пользователь перешел в раздел 'Control panel' (кнопка 'карандаш' в разделе 'News').";1. Нажать на кнопку добавить (плюс);Открыласть форма создания новости. Отображаются: поле выбора категории, поле 'Title', поле 'Publication date', поле 'Time', поле 'Description', заблокированный ползунок 'Active', кнопки 'SAVE' и 'CANCEL';Не автоматизирован;Механизм валидации пустых обязательных полей («Fill empty fields») полностью покрыт автоматизированным кейсом №100.
;;;;2. Ввести значение в поле 'Title' и оставить остальные поля пустыми;Поле 'Title' - заполнено. Поля 'Category', 'Publication date', 'Time', 'Description' - пустые;;
;;;;3. Нажать кнопку 'SAVE' ;Форма не закрылась. Появилось сообщение об ошибке: 'Fill empty fields'. Рядом с незаполненными обязательными полями отображается индикатор ошибки (восклицательный знак);;
103;Валидация поля 'Title' при создании новости (пустое поле);Высокий;"1. Пользователь авторизован.
2. Пользователь перешел в раздел 'Control panel' (кнопка 'карандаш' в разделе 'News').";1. Нажать на кнопку добавить (плюс);Открыласть форма создания новости. Отображаются: поле выбора категории, поле 'Title', поле 'Publication date', поле 'Time', поле 'Description', заблокированный ползунок 'Active', кнопки 'SAVE' и 'CANCEL';Не автоматизирован;Аналогично кейсу №102, проверка работы индикаторов ошибки при пустом заголовке дублирует уже автоматизированную логику.
;;;;2. Оставить поле 'Title' пустым, остальные поля заполнить вадидными данными;Поле 'Title' не заполнено, остальные поля содержат данные;;
;;;;3. Нажать кнопку 'SAVE' ;Форма не закрылась. Появилось сообщение об ошибке: 'Fill empty fields'. Рядом с полем 'Title' отображается индикатор ошибки (восклицательный знак);;
104;Валидация поля 'Title' при создании новости (пробелы в поле);Высокий;"1. Пользователь авторизован.
2. Пользователь перешел в раздел 'Control panel' (кнопка 'карандаш' в разделе 'News').";1. Нажать на кнопку добавить (плюс);Открыласть форма создания новости. Отображаются: поле выбора категории, поле 'Title', поле 'Publication date', поле 'Time', поле 'Description', заблокированный ползунок 'Active', кнопки 'SAVE' и 'CANCEL';Не автоматизирован;Логика обработки пробелов в заголовке идентична проверке пустого поля (№100). Также требуется ручная проверка смещения курсора.
;;;;2. В поле 'Title' ввести несколько пробелов (без других символов), остальные поля заполнить вадидными данными;В поле 'Title' не отображается текст, курсор смещен вправо на соответствующее колличество введенных пробелов. Остальные поля содержат данные;;
;;;;3. Нажать кнопку 'SAVE' ;Форма не закрылась. Появилось сообщение об ошибке: 'Fill empty fields'. Рядом с полем 'Title' отображается индикатор ошибки (восклицательный знак);;
105;Валидация поля 'Title' при создании новости (1 символ в поле);Высокий;"1. Пользователь авторизован.
2. Пользователь перешел в раздел 'Control panel' (кнопка 'карандаш' в разделе 'News').";1. Нажать на кнопку добавить (плюс);Открыласть форма создания новости. Отображаются: поле выбора категории, поле 'Title', поле 'Publication date', поле 'Time', поле 'Description', заблокированный ползунок 'Active', кнопки 'SAVE' и 'CANCEL';Не автоматизирован;Сценарий требует поиска новости в динамическом списке (RecyclerView) с непредсказуемой сортировкой. Отсутствие уникальных ID для каждой карточки при наличии дубликатов коротких заголовков делает автотест крайне нестабильным (flaky).
;;;;2. В поле 'Title' ввести  1 символ (А), остальные поля заполнить валидными данными;В поле 'Title' отображается новый введенный текст, остальные поля содержат данные;;
;;;;3. Нажать кнопку 'SAVE' ;Форма закрылась. Призошел возврат к списку 'Control panel'. У созданной новости отображается заголовок (А);;
106;Валидация поля 'Title' при создании новости (1000 символов в поле);Высокий;"1. Пользователь авторизован.
2. Пользователь перешел в раздел 'Control panel' (кнопка 'карандаш' в разделе 'News').";1. Нажать на кнопку добавить (плюс);Открыласть форма создания новости. Отображаются: поле выбора категории, поле 'Title', поле 'Publication date', поле 'Time', поле 'Description', заблокированный ползунок 'Active', кнопки 'SAVE' и 'CANCEL';Не автоматизирован;Сценарий требует проверки корректности верстки (отсутствие смещений) и наличия многоточия. Ручное тестирование в данном случае точнее и эффективнее.
;;;;2. В поле 'Title' ввести  один символ (А), остальные поля заполнить вадидными данными;В поле 'Title' отображается новый введенный текст, остальные поля содержат данные;;
;;;;3. Нажать кнопку 'SAVE' ;Форма закрылась. Призошел возврат к списку 'Control panel'. У сзданной новости отображается новый заголовок, обрезанный многоточием в конце. Верстка карточки новости не нарушена;;
;;;;4. Нажать на иконку 'карандаш' в блоке только созданной новости;В поле 'Title' отображаются все 1000 символов, введенные ранее;;
107;Создание новости с заполнением только поля 'Publication date';Высокий;"1. Пользователь авторизован.
2. Пользователь перешел в раздел 'Control panel' (кнопка 'карандаш' в разделе 'News').";1. Нажать на кнопку добавить (плюс);Открыласть форма создания новости. Отображаются: поле выбора категории, поле 'Title', поле 'Publication date', поле 'Time', поле 'Description', заблокированный ползунок 'Active', кнопки 'SAVE' и 'CANCEL';Не автоматизирован;Механизм валидации пустых обязательных полей («Fill empty fields») полностью покрыт автоматизированным кейсом №100.
;;;;2.  Установить дату в поле 'Publication date'и оставить остальные поля пустыми;Поле  'Publication date' - заполнено. Поля 'Category', 'Title', 'Time', 'Description' - пустые;;
;;;;3. Нажать кнопку 'SAVE' ;Форма не закрылась. Появилось сообщение об ошибке: 'Fill empty fields'. Рядом с незаполненными обязательными полями отображается индикатор ошибки (восклицательный знак);;
108;Валидация поля 'Publication date' при создании новости (пустое поле);Высокий;"1. Пользователь авторизован.
2. Пользователь перешел в раздел 'Control panel' (кнопка 'карандаш' в разделе 'News').";1. Нажать на кнопку добавить (плюс);Открыласть форма создания новости. Отображаются: поле выбора категории, поле 'Title', поле 'Publication date', поле 'Time', поле 'Description', заблокированный ползунок 'Active', кнопки 'SAVE' и 'CANCEL';Не автоматизирован;Механизм валидации обязательных полей при создании новости уже покрыт автоматизированным кейсом №100. Проверка идентичного сообщения об ошибке для каждого поля избыточна для автотестов.
;;;;2. Оставить поле 'Publication date' пустым, остальные поля заполнить вадидными данными;Поле 'Publication date' не заполнено, остальные поля содержат данные;;
;;;;3. Нажать кнопку 'SAVE' ;Форма не закрылась. Появилось сообщение об ошибке: 'Fill empty fields'. Рядом с полем 'Publication date' отображается индикатор ошибки (восклицательный знак);;
109;Валидация поля 'Publication date' при создании новости (прошедшая дата);Высокий;"1. Пользователь авторизован.
2. Пользователь перешел в раздел 'Control panel' (кнопка 'карандаш' в разделе 'News').";1. Нажать на кнопку добавить (плюс);Открыласть форма создания новости. Отображаются: поле выбора категории, поле 'Title', поле 'Publication date', поле 'Time', поле 'Description', заблокированный ползунок 'Active', кнопки 'SAVE' и 'CANCEL';Автоматизирован;
;;;;2. Нажать на поле 'Publication date';Открывается форма календаря, текущая дата подсвечена;;
;;;;3. Попытаться выбрать любую прошедшую дату (вчерашнее число);Прошешие даты визуально неактивны (серого цвета). Клик по ним не приводит к выбору даты;;
110;Отмена выбора даты публикации при создании новости;Высокий;"1. Пользователь авторизован.
2. Пользователь перешел в раздел 'Control panel' (кнопка 'карандаш' в разделе 'News').";1. Нажать на кнопку добавить (плюс);Открыласть форма создания новости. Отображаются: поле выбора категории, поле 'Title', поле 'Publication date', поле 'Time', поле 'Description', заблокированный ползунок 'Active', кнопки 'SAVE' и 'CANCEL';Автоматизирован;
;;;;2. Нажать на поле 'Publication date';Открывается форма календаря, текущая дата подсвечена;;
;;;;3. Выбрать любую дату в календаре;Дата подсвечена в календаре;;
;;;;4. Нажать кнопку 'CANCEL' ;Окно календаря закрылось. В форме создания поле даты публикации осталось незаполненным;;
111;Создание новости с заполнением только поля 'Time';Высокий;"1. Пользователь авторизован.
2. Пользователь перешел в раздел 'Control panel' (кнопка 'карандаш' в разделе 'News').";1. Нажать на кнопку добавить (плюс);Открыласть форма создания новости. Отображаются: поле выбора категории, поле 'Title', поле 'Publication date', поле 'Time', поле 'Description', заблокированный ползунок 'Active', кнопки 'SAVE' и 'CANCEL';Не автоматизирован;Механизм валидации пустых обязательных полей («Fill empty fields») полностью покрыт автоматизированным кейсом №100.
;;;;2.  Установить время в поле 'Time'и оставить остальные поля пустыми;Поле  'Time' - заполнено. Поля 'Category', 'Title', 'Publication date', 'Description' - пустые;;
;;;;3. Нажать кнопку 'SAVE' ;Форма не закрылась. Появилось сообщение об ошибке: 'Fill empty fields'. Рядом с незаполненными обязательными полями отображается индикатор ошибки (восклицательный знак);;
112;Валидация поля 'Time' при создании новости (пустое поле);Высокий;"1. Пользователь авторизован.
2. Пользователь перешел в раздел 'Control panel' (кнопка 'карандаш' в разделе 'News').";1. Нажать на кнопку добавить (плюс);Открыласть форма создания новости. Отображаются: поле выбора категории, поле 'Title', поле 'Publication date', поле 'Time', поле 'Description', заблокированный ползунок 'Active', кнопки 'SAVE' и 'CANCEL';Не автоматизирован;Механизм валидации обязательных полей при создании новости уже покрыт автоматизированным кейсом №100. Проверка идентичного сообщения об ошибке для каждого поля избыточна для автотестов.
;;;;2. Оставить поле 'Time' пустым, остальные поля заполнить валидными данными;Поле 'Time' не заполнено, остальные поля содержат данные;;
;;;;3. Нажать кнопку 'SAVE' ;Форма не закрылась. Появилось сообщение об ошибке: 'Fill empty fields'. Рядом с полем 'Time' отображается индикатор ошибки (восклицательный знак);;
113;Отмена выбора времени при создании новости;Высокий;"1. Пользователь авторизован.
2. Пользователь перешел в раздел 'Control panel' (кнопка 'карандаш' в разделе 'News').";1. Нажать на кнопку добавить (плюс);Открыласть форма создания новости. Отображаются: поле выбора категории, поле 'Title', поле 'Publication date', поле 'Time', поле 'Description', заблокированный ползунок 'Active', кнопки 'SAVE' и 'CANCEL';Автоматизирован;
;;;;2. Нажать на поле 'Time';Открывается форма часов с установленным временем;;
;;;;3. Выбрать любое время;Время отражено вверху формы с часами;;
;;;;4. Нажать кнопку 'CANCEL' ;Форма с часами закрылась. В форме создания новости поле времени публикации осталось незаполненным;;
114;Заполнение поля 'Time'  через клавиатуру при создании новости;Высокий;"1. Пользователь авторизован.
2. Пользователь перешел в раздел 'Control panel' (кнопка 'карандаш' в разделе 'News').";1. Нажать на кнопку добавить (плюс);Открыласть форма создания новости. Отображаются: поле выбора категории, поле 'Title', поле 'Publication date', поле 'Time', поле 'Description', заблокированный ползунок 'Active', кнопки 'SAVE' и 'CANCEL';Автоматизирован;
;;;;2. Нажать на поле 'Time';Открывается форма часов с установленным временем;;
;;;;3. В левом нижнем углу  нажать на кнопку переключения 'клавиатура';Открывается форма 'Set time', где возможен ручной ввод времени;;
;;;;4. Удалить текущее значение и ввести в ручную (15:10);Значение корректно отображается в поле 'Time';;
115;Отмена выбора времени через клавиатуру при создании новости;Высокий;"1. Пользователь авторизован.
2. Пользователь перешел в раздел 'Control panel' (кнопка 'карандаш' в разделе 'News').";1. Нажать на кнопку добавить (плюс);Открыласть форма создания новости. Отображаются: поле выбора категории, поле 'Title', поле 'Publication date', поле 'Time', поле 'Description', заблокированный ползунок 'Active', кнопки 'SAVE' и 'CANCEL';Автоматизирован;
;;;;2. Нажать на поле 'Time';Открывается форма часов с установленным временем;;
;;;;3. В левом нижнем углу  нажать на кнопку переключения 'клавиатура';Открывается форма 'Set time', где возможен ручной ввод времени;;
;;;;4. Удалить текущее значение и ввести любое время;Значение корректно отображается в поле 'Time';;
;;;;5. Нажать кнопку 'CANCEL' ;Форма 'Set time' закрылась. В форме редактирования поле времени публикации осталось незаполненным;;
116;Заполнение поля 'Time'  через клавиатуру при создании новости (валидация неккоректного времени - пустые поля);Высокий;"1. Пользователь авторизован.
2. Пользователь перешел в раздел 'Control panel' (кнопка 'карандаш' в разделе 'News').";1. Нажать на кнопку добавить (плюс);Открыласть форма создания новости. Отображаются: поле выбора категории, поле 'Title', поле 'Publication date', поле 'Time', поле 'Description', заблокированный ползунок 'Active', кнопки 'SAVE' и 'CANCEL';Автоматизирован;
;;;;2. Нажать на поле 'Time';Открывается форма часов с установленным временем;;
;;;;3. В левом нижнем углу  нажать на кнопку переключения 'клавиатура';Открывается форма 'Set time', где возможен ручной ввод времени;;
;;;;4. Удалить текущее значение и оставить поля незаполненным;Поля 'hour' и 'minute' незаполнены;;
;;;;5. Нажать кнопку 'OK';Форма не закрылась. Появилось сообщение об ошибке: 'Enter a valid time';;
117;Заполнение поля 'Time'  через клавиатуру при создании новости (валидация неккоректного времени - пустое поле 'hour');Высокий;"1. Пользователь авторизован.
2. Пользователь перешел в раздел 'Control panel' (кнопка 'карандаш' в разделе 'News').";1. Нажать на кнопку добавить (плюс);Открыласть форма создания новости. Отображаются: поле выбора категории, поле 'Title', поле 'Publication date', поле 'Time', поле 'Description', заблокированный ползунок 'Active', кнопки 'SAVE' и 'CANCEL';Не автоматизирован;Проверка механизма валидации времени при создании новости уже полностью покрыта автоматизированным кейсом №116.
;;;;2. Нажать на поле 'Time';Открывается форма часов с установленным временем;;
;;;;3. В левом нижнем углу  нажать на кнопку переключения 'клавиатура';Открывается форма 'Set time', где возможен ручной ввод времени;;
;;;;4. Удалить текущее значение, оставить поле 'hour' незаполненным, в поле 'minute' ввести значение от 0 до 59;Поле 'hour' пустое, поле 'minute' заполнено;;
;;;;5. Нажать кнопку 'OK';Форма не закрылась. Появилось сообщение об ошибке: 'Enter a valid time';;
118;Заполнение поля 'Time'  через клавиатуру при создании новости (валидация неккоректного времени - пустое поле 'minute');Высокий;"1. Пользователь авторизован.
2. Пользователь перешел в раздел 'Control panel' (кнопка 'карандаш' в разделе 'News').";1. Нажать на кнопку добавить (плюс);Открыласть форма создания новости. Отображаются: поле выбора категории, поле 'Title', поле 'Publication date', поле 'Time', поле 'Description', заблокированный ползунок 'Active', кнопки 'SAVE' и 'CANCEL';Не автоматизирован;Логика обработки пустых значений в полях времени идентична кейсу №116. Повторная автоматизация нецелесообразна.
;;;;2. Нажать на поле 'Time';Открывается форма часов с установленным временем;;
;;;;3. В левом нижнем углу  нажать на кнопку переключения 'клавиатура';Открывается форма 'Set time', где возможен ручной ввод времени;;
;;;;4. Удалить текущее значение, заполнить поле 'hour' значением от 00 до 23, поле 'minute' оставить незаполненым;Поле 'hour' заполнено, поле 'minute' пустое;;
;;;;5. Нажать кнопку 'OK';Форма не закрылась. Появилось сообщение об ошибке: 'Enter a valid time';;
119;Заполнение поля 'Time'  через клавиатуру при создании новости (валидация неккоректного времени - граничное значение в поле 'hour');Высокий;"1. Пользователь авторизован.
2. Пользователь перешел в раздел 'Control panel' (кнопка 'карандаш' в разделе 'News').";1. Нажать на кнопку добавить (плюс);Открыласть форма создания новости. Отображаются: поле выбора категории, поле 'Title', поле 'Publication date', поле 'Time', поле 'Description', заблокированный ползунок 'Active', кнопки 'SAVE' и 'CANCEL';Автоматизирован;
;;;;2. Нажать на поле 'Time';Открывается форма часов с установленным временем;;
;;;;3. В левом нижнем углу  нажать на кнопку переключения 'клавиатура';Открывается форма 'Set time', где возможен ручной ввод времени;;
;;;;4. Удалить текущее значение, заполнить поле 'hour' значением 24, в поле 'minute' ввести значение от 0 до 59;Поле 'hour' и поле 'minute' заполнено;;
;;;;5. Нажать кнопку 'OK';Форма не закрылась. Появилось сообщение об ошибке: 'Enter a valid time';;
120;Заполнение поля 'Time'  через клавиатуру при создании новости (валидация неккоректного времени - граничное значение в поле 'minute');Высокий;"1. Пользователь авторизован.
2. Пользователь перешел в раздел 'Control panel' (кнопка 'карандаш' в разделе 'News').";1. Нажать на кнопку добавить (плюс);Открыласть форма создания новости. Отображаются: поле выбора категории, поле 'Title', поле 'Publication date', поле 'Time', поле 'Description', заблокированный ползунок 'Active', кнопки 'SAVE' и 'CANCEL';Не автоматизирован;Механизм валидации некорректного времени («Enter a valid time») при создании новости уже полностью покрыт автоматизированным кейсом №119. Повторная автоматизация для поля 'minute' нецелесообразна.
;;;;2. Нажать на поле 'Time';Открывается форма часов с установленным временем;;
;;;;3. В левом нижнем углу  нажать на кнопку переключения 'клавиатура';Открывается форма 'Set time', где возможен ручной ввод времени;;
;;;;4. Удалить текущее значение, заполнить поле 'hour' значением от 00 до 23, в поле 'minute' ввести значение 60;Поле 'hour' и поле 'minute' заполнено;;
;;;;5. Нажать кнопку 'OK';Форма не закрылась. Появилось сообщение об ошибке: 'Enter a valid time';;
121;Заполнение поля 'Time'  через клавиатуру при создании новости (валидация неккоректного времени - ввод спецсимволов');Высокий;"1. Пользователь авторизован.
2. Пользователь перешел в раздел 'Control panel' (кнопка 'карандаш' в разделе 'News').";1. Нажать на кнопку добавить (плюс);Открыласть форма создания новости. Отображаются: поле выбора категории, поле 'Title', поле 'Publication date', поле 'Time', поле 'Description', заблокированный ползунок 'Active', кнопки 'SAVE' и 'CANCEL';Не автоматизирован;Espresso имитирует ввод текста напрямую в поле, что может обходить системные фильтры клавиатуры. Проверка блокировки ввода спецсимволов на уровне ОС эффективнее выполняется вручную.
;;;;2. Нажать на поле 'Time';Открывается форма часов с установленным временем;;
;;;;3. В левом нижнем углу  нажать на кнопку переключения 'клавиатура';Открывается форма 'Set time', где возможен ручной ввод времени;;
;;;;4. Удалить текущее значение, попытаться заполнить поля 'hour' или 'minute' спецсимволами (-#+./);Поля блокируют ввод значения '-#+./'.  Поля остаются пустыми;;
122;Переключение способа ввода времени в форме создания новости;Высокий;"1. Пользователь авторизован.
2. Пользователь перешел в раздел 'Control panel' (кнопка 'карандаш' в разделе 'News').";1. Нажать на кнопку добавить (плюс);Открыласть форма создания новости. Отображаются: поле выбора категории, поле 'Title', поле 'Publication date', поле 'Time', поле 'Description', заблокированный ползунок 'Active', кнопки 'SAVE' и 'CANCEL';Автоматизирован;
;;;;2. Нажать на поле 'Time';Открывается форма часов с установленным временем;;
;;;;3. В левом нижнем углу  нажать на кнопку переключения 'клавиатура';Открывается форма 'Set time', где возможен ручной ввод времени;;
;;;;4. В левом нижнем углу формы 'Set time' нажать на кнопку переключения 'часы';Открывается форма часов для выбора времени;;
123;Создание новости с заполнением только поля 'Description';Высокий;"1. Пользователь авторизован.
2. Пользователь перешел в раздел 'Control panel' (кнопка 'карандаш' в разделе 'News').";1. Нажать на кнопку добавить (плюс);Открыласть форма создания новости. Отображаются: поле выбора категории, поле 'Title', поле 'Publication date', поле 'Time', поле 'Description', заблокированный ползунок 'Active', кнопки 'SAVE' и 'CANCEL';Не автоматизирован;Механизм валидации пустых обязательных полей («Fill empty fields») полностью покрыт автоматизированным кейсом №100.
;;;;2. Ввести значение в поле 'Description' и оставить остальные поля пустыми;Поле 'Description' - заполнено. Поля 'Category', 'Title', 'Publication date', 'Time' - пустые;;
;;;;3. Нажать кнопку 'SAVE' ;Форма не закрылась. Появилось сообщение об ошибке: 'Fill empty fields'. Рядом с незаполненными обязательными полями отображается индикатор ошибки (восклицательный знак);;
124;Валидация поля 'Description' при создании новости (пустое поле);Высокий;"1. Пользователь авторизован.
2. Пользователь перешел в раздел 'Control panel' (кнопка 'карандаш' в разделе 'News').";1. Нажать на кнопку добавить (плюс);Открыласть форма создания новости. Отображаются: поле выбора категории, поле 'Title', поле 'Publication date', поле 'Time', поле 'Description', заблокированный ползунок 'Active', кнопки 'SAVE' и 'CANCEL';Не автоматизирован;Механизм валидации обязательных полей при создании новости уже покрыт автоматизированным кейсом №100. Проверка идентичного сообщения об ошибке для каждого поля избыточна для автотестов.
;;;;2. Оставить поле 'Description' пустым, остальные поля заполнить вадидными данными;Поле 'Description' не заполнено, остальные поля содержат данные;;
;;;;3. Нажать кнопку 'SAVE' ;Форма не закрылась. Появилось сообщение об ошибке: 'Fill empty fields'. Рядом с полем 'Description' отображается индикатор ошибки (восклицательный знак);;
125;Валидация поля 'Description' при создании новости (пробелы в поле);Высокий;"1. Пользователь авторизован.
2. Пользователь перешел в раздел 'Control panel' (кнопка 'карандаш' в разделе 'News').";1. Нажать на кнопку добавить (плюс);Открыласть форма создания новости. Отображаются: поле выбора категории, поле 'Title', поле 'Publication date', поле 'Time', поле 'Description', заблокированный ползунок 'Active', кнопки 'SAVE' и 'CANCEL';Не автоматизирован;Логика обработки пробелов в заголовке идентична проверке пустого поля (№100). Также требуется ручная проверка смещения курсора
;;;;2. В поле 'Description' ввести несколько пробелов (без других символов), остальные поля заполнить вадидными данными;В поле 'Description' не отображается текст, курсор смещен вправо на соответствующее колличество введенных пробелов. Остальные поля содержат данные;;
;;;;3. Нажать кнопку 'SAVE' ;Форма не закрылась. Появилось сообщение об ошибке: 'Fill empty fields'. Рядом с полем 'Description' отображается индикатор ошибки (восклицательный знак);;
126;Валидация поля 'Description' при создании новости (1 символ в поле);Высокий;"1. Пользователь авторизован.
2. Пользователь перешел в раздел 'Control panel' (кнопка 'карандаш' в разделе 'News').";1. Нажать на кнопку добавить (плюс);Открыласть форма создания новости. Отображаются: поле выбора категории, поле 'Title', поле 'Publication date', поле 'Time', поле 'Description', заблокированный ползунок 'Active', кнопки 'SAVE' и 'CANCEL';Не автоматизирован;Сценарий требует нахождения и раскрытия новой новости в динамическом списке (RecyclerView). Непредсказуемая сортировка и отсутствие уникальных ID для поиска конкретной карточки делают автотест крайне нестабильным (flaky).
;;;;2. В поле 'Description' ввести  1 символ (А), остальные поля заполнить валидными данными;В поле 'Description' отображается новый введенный текст, остальные поля содержат данные;;
;;;;3. Нажать кнопку 'SAVE' ;Форма закрылась. Призошел возврат к списку 'Control panel'. У созданной новости отображается заголовок (А);;
127;Валидация поля 'Description' при создании новости (5000 символов в поле);Высокий;"1. Пользователь авторизован.
2. Пользователь перешел в раздел 'Control panel' (кнопка 'карандаш' в разделе 'News').";1. Нажать на кнопку добавить (плюс);Открыласть форма создания новости. Отображаются: поле выбора категории, поле 'Title', поле 'Publication date', поле 'Time', поле 'Description', заблокированный ползунок 'Active', кнопки 'SAVE' и 'CANCEL';Не автоматизирован;Ввод 5000 символов через Espresso может привести к зависанию. Сценарий требует визуального контроля корректности расширения блока новости, что надежнее выполнять вручную.
;;;;2. В поле 'Description' ввести 5000 символов, остальные поля заполнить валидными данными;В поле 'Description' отображается новый введенный текст, остальные поля содержат данные;;
;;;;3. Нажать кнопку 'SAVE' ;Форма закрылась. Призошел возврат к списку 'Control panel'. ;;
;;;;4. Нажать на стрелку раскрытия в блоке только что созданной новости;Блок новости расширяется вниз, становится виден ранее скрытый текст с описанием на 5000 символов;;
